chemical,congener,MW,planner,ctenax,corganism,organism,research,OC,mtenax,tsed
Permethrin,0,391.3,f,18.25027992,65.6227,LV,harwood,0.0142,0.777461925,unknown
Permethrin,0,391.3,f,18.25027992,62.4049,LV,harwood,0.0142,0.777461925,unknown
Permethrin,0,391.3,f,18.25027992,58.5125,LV,harwood,0.0142,0.777461925,unknown
Permethrin,0,391.3,f,18.25027992,60.4836,LV,harwood,0.0142,0.777461925,unknown
Permethrin,0,391.3,f,38.61757936,118.0509,LV,harwood,0.0142,1.645108881,unknown
Permethrin,0,391.3,f,38.61757936,125.6054,LV,harwood,0.0142,1.645108881,unknown
Permethrin,0,391.3,f,38.61757936,123.4389,LV,harwood,0.0142,1.645108881,unknown
Permethrin,0,391.3,f,38.61757936,148.4457,LV,harwood,0.0142,1.645108881,unknown
Permethrin,0,391.3,f,78.11863593,213.5667,LV,harwood,0.0142,3.327853891,unknown
Permethrin,0,391.3,f,78.11863593,208.7751,LV,harwood,0.0142,3.327853891,unknown
Permethrin,0,391.3,f,78.11863593,225.7144,LV,harwood,0.0142,3.327853891,unknown
Permethrin,0,391.3,f,78.11863593,227.5563,LV,harwood,0.0142,3.327853891,unknown
Permethrin,0,391.3,f,445.7915617,1208.2467,LV,harwood,0.0142,18.99072053,unknown
Permethrin,0,391.3,f,445.7915617,1335.1803,LV,harwood,0.0142,18.99072053,unknown
Permethrin,0,391.3,f,445.7915617,1382.0204,LV,harwood,0.0142,18.99072053,unknown
Permethrin,0,391.3,f,445.7915617,1418.6112,LV,harwood,0.0142,18.99072053,unknown
Permethrin,0,391.3,f,18.25027992,72.1494,HX,harwood,0.0142,0.777461925,unknown
Permethrin,0,391.3,f,18.25027992,86.0719,HX,harwood,0.0142,0.777461925,unknown
Permethrin,0,391.3,f,18.25027992,42.6013,HX,harwood,0.0142,0.777461925,unknown
Permethrin,0,391.3,f,18.25027992,51.9288,HX,harwood,0.0142,0.777461925,unknown
Permethrin,0,391.3,f,38.61757936,113.2483,HX,harwood,0.0142,1.645108881,unknown
Permethrin,0,391.3,f,38.61757936,105.1083,HX,harwood,0.0142,1.645108881,unknown
Permethrin,0,391.3,f,38.61757936,106.4985,HX,harwood,0.0142,1.645108881,unknown
Permethrin,0,391.3,f,38.61757936,100.3266,HX,harwood,0.0142,1.645108881,unknown
Permethrin,0,391.3,f,78.11863593,271.5776,HX,harwood,0.0142,3.327853891,unknown
Permethrin,0,391.3,f,78.11863593,318.5458,HX,harwood,0.0142,3.327853891,unknown
Permethrin,0,391.3,f,78.11863593,242.5266,HX,harwood,0.0142,3.327853891,unknown
Permethrin,0,391.3,f,78.11863593,418.7363,HX,harwood,0.0142,3.327853891,unknown
Permethrin,0,391.3,f,445.7915617,1681.5866,HX,harwood,0.0142,18.99072053,unknown
Permethrin,0,391.3,f,445.7915617,1809.2638,HX,harwood,0.0142,18.99072053,unknown
Permethrin,0,391.3,f,445.7915617,1413.8712,HX,harwood,0.0142,18.99072053,unknown
Permethrin,0,391.3,f,445.7915617,1233.0475,HX,harwood,0.0142,18.99072053,unknown
Bifenthrin,0,422.9,f,14.10897916,61.1623,LV,harwood,0.0142,0.601042512,unknown
Bifenthrin,0,422.9,f,14.10897916,66.4155,LV,harwood,0.0142,0.601042512,unknown
Bifenthrin,0,422.9,f,14.10897916,63.2010,LV,harwood,0.0142,0.601042512,unknown
Bifenthrin,0,422.9,f,14.10897916,75.0829,LV,harwood,0.0142,0.601042512,unknown
Bifenthrin,0,422.9,f,28.15442431,119.1007,LV,harwood,0.0142,1.199378475,unknown
Bifenthrin,0,422.9,f,28.15442431,136.8769,LV,harwood,0.0142,1.199378475,unknown
Bifenthrin,0,422.9,f,28.15442431,255.2200,LV,harwood,0.0142,1.199378475,unknown
Bifenthrin,0,422.9,f,28.15442431,171.6130,LV,harwood,0.0142,1.199378475,unknown
Bifenthrin,0,422.9,f,59.11770159,239.8626,LV,harwood,0.0142,2.518414088,unknown
Bifenthrin,0,422.9,f,59.11770159,281.3924,LV,harwood,0.0142,2.518414088,unknown
Bifenthrin,0,422.9,f,59.11770159,262.7030,LV,harwood,0.0142,2.518414088,unknown
Bifenthrin,0,422.9,f,59.11770159,459.2493,LV,harwood,0.0142,2.518414088,unknown
Bifenthrin,0,422.9,f,124.0393337,681.5113,LV,harwood,0.0142,5.284075617,unknown
Bifenthrin,0,422.9,f,124.0393337,729.8293,LV,harwood,0.0142,5.284075617,unknown
Bifenthrin,0,422.9,f,124.0393337,723.4085,LV,harwood,0.0142,5.284075617,unknown
Bifenthrin,0,422.9,f,124.0393337,644.4412,LV,harwood,0.0142,5.284075617,unknown
Bifenthrin,0,422.9,f,14.10897916,55.7913,HX,harwood,0.0142,0.601042512,unknown
Bifenthrin,0,422.9,f,14.10897916,49.1306,HX,harwood,0.0142,0.601042512,unknown
Bifenthrin,0,422.9,f,14.10897916,53.3555,HX,harwood,0.0142,0.601042512,unknown
Bifenthrin,0,422.9,f,14.10897916,55.9768,HX,harwood,0.0142,0.601042512,unknown
Bifenthrin,0,422.9,f,28.15442431,89.4528,HX,harwood,0.0142,1.199378475,unknown
Bifenthrin,0,422.9,f,28.15442431,63.6443,HX,harwood,0.0142,1.199378475,unknown
Bifenthrin,0,422.9,f,28.15442431,87.8616,HX,harwood,0.0142,1.199378475,unknown
Bifenthrin,0,422.9,f,28.15442431,57.5215,HX,harwood,0.0142,1.199378475,unknown
Bifenthrin,0,422.9,f,59.11770159,158.5470,HX,harwood,0.0142,2.518414088,unknown
Bifenthrin,0,422.9,f,59.11770159,136.7329,HX,harwood,0.0142,2.518414088,unknown
Bifenthrin,0,422.9,f,59.11770159,162.8746,HX,harwood,0.0142,2.518414088,unknown
Bifenthrin,0,422.9,f,59.11770159,130.6829,HX,harwood,0.0142,2.518414088,unknown
Bifenthrin,0,422.9,f,124.0393337,345.8295,HX,harwood,0.0142,5.284075617,unknown
Bifenthrin,0,422.9,f,124.0393337,261.2529,HX,harwood,0.0142,5.284075617,unknown
Bifenthrin,0,422.9,f,124.0393337,257.2796,HX,harwood,0.0142,5.284075617,unknown
Bifenthrin,0,422.9,f,124.0393337,206.9308,HX,harwood,0.0142,5.284075617,unknown
PCB,1,188.65,t,14602.60479,3007.353597,LV,mackenbach,0.0456,1997.636335,unknown
PCB,1,188.65,t,30619.38528,8044.173758,LV,mackenbach,0.0456,4188.731907,unknown
PCB,3,188.65,t,5919.171953,1567.540323,LV,mackenbach,0.0456,809.7427232,unknown
PCB,4,223.09,t,5314.083586,2022.217199,LV,mackenbach,0.0456,726.9666346,unknown
PCB,4,223.09,t,38438.24466,19361.42147,LV,mackenbach,0.0456,5258.351869,unknown
PCB,4,223.09,t,45627.64586,33978.64646,LV,mackenbach,0.0456,6241.861953,unknown
PCB,4,223.09,t,142060.7908,116141.7258,LV,mackenbach,0.0456,19433.91618,unknown
PCB,4,223.09,t,4505.401919,3065.710319,LV,mackenbach,0.0456,616.3389825,unknown
PCB,6,223.09,t,25136.01293,12640.6024,LV,mackenbach,0.0456,3438.606568,unknown
PCB,6,223.09,t,7026.108727,5195.962119,LV,mackenbach,0.0456,961.1716738,unknown
PCB,6,223.09,t,7227.108143,3724.457216,LV,mackenbach,0.0456,988.668394,unknown
PCB,6,223.09,t,62641.6025,59890.453,LV,mackenbach,0.0456,8569.371222,unknown
PCB,6,223.09,t,4377.258254,2525.45118,LV,mackenbach,0.0456,598.8089292,unknown
PCB,8,223.09,t,5034.530634,2408.958792,LV,mackenbach,0.0456,688.7237907,unknown
PCB,8,223.09,t,2563.824519,1609.776079,LV,mackenbach,0.0359,276.1239007,unknown
PCB,8,223.09,t,30558.83161,17263.41229,LV,mackenbach,0.0359,3291.186164,unknown
PCB,8,223.09,t,45277.39465,53675.33333,LV,mackenbach,0.0359,4876.375404,unknown
PCB,8,223.09,t,7307.717671,3084.246067,LV,mackenbach,0.0402,881.3107511,unknown
PCB,8,223.09,t,126041.0584,121834.8889,LV,mackenbach,0.0402,15200.55164,unknown
PCB,8,223.09,t,5526.303325,3107.81416,LV,mackenbach,0.0402,666.4721809,unknown
PCB,9,223.09,t,8551.419936,4791.609279,LV,mackenbach,0.0402,1031.301244,unknown
PCB,11,223.09,t,2583.203551,1923.624574,LV,mackenbach,0.0402,311.5343482,unknown
PCB,11,223.09,t,1077.762812,1849.798387,LV,mackenbach,0.0402,129.9781951,unknown
PCB,11,223.09,t,5009.769188,7611.267621,LV,mackenbach,0.0402,604.178164,unknown
PCB,13,223.09,t,10194.56987,8789.150516,LV,mackenbach,0.0402,1229.465126,unknown
PCB,13,223.09,t,7759.953376,15712.97408,LV,mackenbach,0.0402,935.8503771,unknown
PCB,13,223.09,t,20081.69371,36874.77049,LV,mackenbach,0.0402,2421.852261,unknown
PCB,15,223.09,t,2387.910057,1544.250452,LV,mackenbach,0.0402,287.9819529,unknown
PCB,15,223.09,t,17140.82891,17321.48324,LV,mackenbach,0.0402,2067.183966,unknown
PCB,15,223.09,t,23857.24517,62907.83333,LV,mackenbach,0.0402,2877.183767,unknown
PCB,15,223.09,t,39989.09268,90878.83333,LV,mackenbach,0.0402,4822.684577,unknown
PCB,16,257.5,t,5317.721796,3596.080329,LV,mackenbach,0.0402,641.3172486,unknown
PCB,16,257.5,t,2652.715267,2611.749681,LV,mackenbach,0.0402,319.9174612,unknown
PCB,16,257.5,t,21884.74787,35195.65656,LV,mackenbach,0.0402,2639.300593,unknown
PCB,16,257.5,t,2076.482198,2805.20953,LV,mackenbach,0.0402,250.4237531,unknown
PCB,17,257.5,t,6432.888626,6900.715832,LV,mackenbach,0.0402,775.8063683,unknown
PCB,17,257.5,t,1712.349295,3345.16595,LV,mackenbach,0.0402,206.509325,unknown
PCB,17,257.5,t,1779.335412,2891.998394,LV,mackenbach,0.0402,214.5878507,unknown
PCB,17,257.5,t,1042.014427,1369.767442,LV,mackenbach,0.0402,125.6669399,unknown
PCB,17,257.5,t,2547.142686,3306.0371,LV,mackenbach,0.0402,307.1854079,unknown
PCB,17,257.5,t,33110.64588,35189.1271,LV,mackenbach,0.0402,3993.143893,unknown
PCB,17,257.5,t,2879.654763,2372.482785,LV,mackenbach,0.0402,347.2863644,unknown
PCB,17,257.5,t,30181.30082,76661.72325,LV,mackenbach,0.0402,3639.864879,unknown
PCB,17,257.5,t,6899.431672,8541.658292,LV,mackenbach,0.0402,832.0714597,unknown
PCB,17,257.5,t,95534.67075,148297.6943,LV,mackenbach,0.0402,11521.48129,unknown
PCB,17,257.5,t,4618.150994,6879.560738,LV,mackenbach,0.0402,556.9490099,unknown
PCB,18,257.5,t,4941.588443,4360.092237,LV,mackenbach,0.0402,595.9555662,unknown
PCB,18,257.5,t,1519.669804,2340.964966,LV,mackenbach,0.0402,183.2721784,unknown
PCB,18,257.5,t,2309.901155,3303.760609,LV,mackenbach,0.0402,278.5740793,unknown
PCB,18,257.5,t,978.0966089,1395.348837,LV,mackenbach,0.0402,117.958451,unknown
PCB,18,257.5,t,1575.380545,1607.523662,LV,mackenbach,0.0503,237.7249243,unknown
PCB,18,257.5,t,39026.90293,40269.43128,LV,mackenbach,0.0503,5889.159653,unknown
PCB,18,257.5,t,6861.69649,10821.945,LV,mackenbach,0.0503,1035.43,unknown
PCB,18,257.5,t,17276.4938,24568.92829,LV,mackenbach,0.0503,2607.022914,unknown
PCB,18,257.5,t,75881.03546,124892.5508,LV,mackenbach,0.0503,11450.44825,unknown
PCB,18,257.5,t,6966.569745,11128.70978,LV,mackenbach,0.0503,1051.255375,unknown
PCB,19,257.5,f,10226.50426,6589.947994,LV,mackenbach,0.0503,1543.179492,unknown
PCB,19,257.5,f,12445.97788,21725.02928,LV,mackenbach,0.0503,1878.098062,unknown
PCB,19,257.5,f,29933.65641,62008.77721,LV,mackenbach,0.0503,4516.988752,unknown
PCB,22,257.5,t,2049.421187,2618.505325,LV,mackenbach,0.0503,309.2576571,unknown
PCB,22,257.5,t,712.6002389,1824.719925,LV,mackenbach,0.0503,107.5313761,unknown
PCB,22,257.5,t,799.3595774,2641.630008,LV,mackenbach,0.0503,120.6233602,unknown
PCB,22,257.5,t,11019.69319,15692.15502,LV,mackenbach,0.0503,1662.871703,unknown
PCB,22,257.5,t,1045.080555,2608.614483,LV,mackenbach,0.0503,157.7026557,unknown
PCB,22,257.5,t,1557.542139,6708.612731,LV,mackenbach,0.0503,235.0331088,unknown
PCB,22,257.5,t,1255.195691,1523.611111,LV,mackenbach,0.0503,189.4090298,unknown
PCB,22,257.5,t,3534.035334,5662.178409,LV,mackenbach,0.0503,533.285932,unknown
PCB,22,257.5,t,28995.28804,82132.28082,LV,mackenbach,0.0503,4375.388965,unknown
PCB,22,257.5,t,2037.09109,6319.643153,LV,mackenbach,0.0503,307.3970455,unknown
PCB,25,257.5,t,3061.335707,4119.874857,LV,mackenbach,0.0503,461.9555581,unknown
PCB,25,257.5,t,814.5358365,1838.506454,LV,mackenbach,0.0503,122.9134577,unknown
PCB,25,257.5,t,818.6948004,3191.74668,LV,mackenbach,0.0503,123.5410454,unknown
PCB,25,257.5,t,528.9853812,2149.875861,LV,mackenbach,0.0503,79.82389403,unknown
PCB,25,257.5,t,1310.750131,2451.92501,LV,mackenbach,0.0503,197.7921948,unknown
PCB,25,257.5,t,20889.45113,30071.16028,LV,mackenbach,0.0503,3152.218175,unknown
PCB,25,257.5,t,1357.373706,2985.739484,LV,mackenbach,0.0503,204.8276922,unknown
PCB,25,257.5,t,4621.630139,16908.40214,LV,mackenbach,0.0503,697.403988,unknown
PCB,25,257.5,t,1089.315059,2380.008528,LV,mackenbach,0.0503,164.3776423,unknown
PCB,25,257.5,t,3964.669858,6839.071184,LV,mackenbach,0.0503,598.2686815,unknown
PCB,25,257.5,t,45133.09788,155912.684,LV,mackenbach,0.0503,6810.58447,unknown
PCB,25,257.5,t,3279.621249,12400.54532,LV,mackenbach,0.0503,494.8948465,unknown
PCB,26,257.5,t,3356.567666,4663.318908,LV,mackenbach,0.0503,506.5060608,unknown
PCB,26,257.5,t,991.8784345,1848.499166,LV,mackenbach,0.0503,149.6744558,unknown
PCB,26,257.5,t,1094.233964,2537.955726,LV,mackenbach,0.0518,170.043958,unknown
PCB,26,257.5,t,643.3387723,1540.697674,LV,mackenbach,0.0518,99.97484521,unknown
PCB,26,257.5,t,1568.003603,2964.007437,LV,mackenbach,0.0518,243.6677599,unknown
PCB,26,257.5,t,30568.19644,46206.21799,LV,mackenbach,0.0518,4750.297727,unknown
PCB,26,257.5,t,1666.894208,3617.582981,LV,mackenbach,0.0518,259.0353599,unknown
PCB,26,257.5,t,10595.73482,39061.53402,LV,mackenbach,0.0518,1646.57719,unknown
PCB,26,257.5,t,1305.004078,1532.246887,LV,mackenbach,0.0518,202.7976337,unknown
PCB,26,257.5,t,5372.939555,11531.08265,LV,mackenbach,0.0518,834.9548069,unknown
PCB,26,257.5,t,52509.60933,173884.0971,LV,mackenbach,0.0518,8159.993289,unknown
PCB,26,257.5,t,4232.643606,10340.71369,LV,mackenbach,0.0518,657.7528163,unknown
PCB,27,257.5,t,4903.528075,3443.706128,LV,mackenbach,0.0518,762.0082628,unknown
PCB,27,257.5,t,5329.251041,12658.67663,LV,mackenbach,0.0518,828.1656117,unknown
PCB,27,257.5,t,13256.0319,32231.52142,LV,mackenbach,0.0518,2059.987357,unknown
PCB,28,257.5,t,1452.108415,2619.939134,LV,mackenbach,0.0518,225.6576477,unknown
PCB,28,257.5,t,7534.010863,11663.84062,LV,mackenbach,0.0518,1170.785288,unknown
PCB,28,257.5,t,2455.332106,6067.892203,LV,mackenbach,0.0518,381.5586093,unknown
PCB,28,257.5,t,2883.250209,7428.125844,LV,mackenbach,0.0518,448.0570824,unknown
PCB,28,257.5,t,1624.643416,3274.259183,LV,mackenbach,0.0518,252.4695869,unknown
PCB,28,257.5,t,3086.448332,8445.504589,LV,mackenbach,0.0518,479.6340708,unknown
PCB,28,257.5,t,40853.47925,59381.9329,LV,mackenbach,0.0518,6348.630675,unknown
PCB,28,257.5,t,3674.468174,6449.477595,LV,mackenbach,0.0458,504.8719271,unknown
PCB,28,257.5,t,4431.931571,18608.86336,LV,mackenbach,0.0458,608.9473978,unknown
PCB,28,257.5,t,3632.821515,3632.950631,LV,mackenbach,0.0458,499.1496761,unknown
PCB,28,257.5,t,12487.18919,24109.16317,LV,mackenbach,0.0458,1715.739795,unknown
PCB,28,257.5,t,102.4279643,1841.129838,LV,mackenbach,0.0458,14.07360229,unknown
PCB,28,257.5,t,720.2037268,1790,LV,mackenbach,0.0458,98.95599207,unknown
PCB,28,257.5,t,106779.6911,324410.6209,LV,mackenbach,0.0458,14671.52956,unknown
PCB,28,257.5,t,7936.216669,18025.24235,LV,mackenbach,0.0458,1090.43617,unknown
PCB,31,257.5,t,1178.388428,2103.060122,LV,mackenbach,0.0458,161.91057,unknown
PCB,31,257.5,t,7136.671242,9879.329231,LV,mackenbach,0.0458,980.5786287,unknown
PCB,31,257.5,t,2102.453025,3916.461427,LV,mackenbach,0.0458,288.8770456,unknown
PCB,31,257.5,t,2288.011084,5594.656568,LV,mackenbach,0.0458,314.3727229,unknown
PCB,31,257.5,t,1352.825883,2833.342502,LV,mackenbach,0.0458,185.8782763,unknown
PCB,31,257.5,t,3059.899077,5660.939768,LV,mackenbach,0.0458,420.4301331,unknown
PCB,31,257.5,t,48531.75347,69169.12344,LV,mackenbach,0.0458,6668.262927,unknown
PCB,31,257.5,t,3301.472323,6580.881944,LV,mackenbach,0.0278,275.3427918,unknown
PCB,31,257.5,t,12856.46791,58651.68554,LV,mackenbach,0.0278,1072.229423,unknown
PCB,31,257.5,t,3081.320008,4268.221382,LV,mackenbach,0.0278,256.9820887,unknown
PCB,31,257.5,t,10965.9076,18458.16793,LV,mackenbach,0.0278,914.5566934,unknown
PCB,31,257.5,t,81.40193771,1424.845899,LV,mackenbach,0.0278,6.788921605,unknown
PCB,31,257.5,t,118031.0671,355757.5651,LV,mackenbach,0.0278,9843.790999,unknown
PCB,31,257.5,t,7145.58052,21598.29931,LV,mackenbach,0.0278,595.9414154,unknown
PCB,32,257.5,t,3110.405698,2636.569391,LV,mackenbach,0.0278,259.4078352,unknown
PCB,32,257.5,t,858.7662293,1057.928703,LV,mackenbach,0.0278,71.62110352,unknown
PCB,32,257.5,t,17947.3087,19893.47759,LV,mackenbach,0.0278,1496.805546,unknown
PCB,32,257.5,t,14660.50881,50833.84942,LV,mackenbach,0.0278,1222.686435,unknown
PCB,32,257.5,t,4176.590842,6685.374987,LV,mackenbach,0.0278,348.3276762,unknown
PCB,32,257.5,t,44483.87955,127579.2575,LV,mackenbach,0.0278,3709.955554,unknown
PCB,32,257.5,t,2314.564443,3596.714484,LV,mackenbach,0.0278,193.0346746,unknown
PCB,33,257.5,t,1404.809867,1722.354806,LV,mackenbach,0.0278,117.1611429,unknown
PCB,33,257.5,t,546.7142015,2539,LV,mackenbach,0.0278,45.59596441,unknown
PCB,33,257.5,t,344.0809477,1519.867207,LV,mackenbach,0.0278,28.69635103,unknown
PCB,33,257.5,t,552.1491846,2600.590638,LV,mackenbach,0.0278,46.04924199,unknown
PCB,33,257.5,t,5279.35344,7852.118908,LV,mackenbach,0.0278,440.2980769,unknown
PCB,33,257.5,t,724.9197157,1881.495388,LV,mackenbach,0.0278,60.45830429,unknown
PCB,33,257.5,t,805.768036,3743.19224,LV,mackenbach,0.0355,85.81429583,unknown
PCB,33,257.5,t,1922.492469,3451.386778,LV,mackenbach,0.0355,204.7454479,unknown
PCB,33,257.5,t,15932.4166,43496.87707,LV,mackenbach,0.0355,1696.802368,unknown
PCB,33,257.5,t,1291.868115,3714.271669,LV,mackenbach,0.0355,137.5839543,unknown
PCB,37,257.5,t,378.1672974,1778.288521,LV,mackenbach,0.0355,40.27481717,unknown
PCB,37,257.5,t,290.505031,1755.871109,LV,mackenbach,0.0355,30.9387858,unknown
PCB,37,257.5,t,1342.169881,4141.975761,LV,mackenbach,0.0355,142.9410923,unknown
PCB,37,257.5,t,325.1802557,2434.484029,LV,mackenbach,0.0355,34.63169723,unknown
PCB,37,257.5,t,250.8888525,3320.136432,LV,mackenbach,0.0355,26.71966279,unknown
PCB,37,257.5,t,441.1693406,2554.101377,LV,mackenbach,0.0355,46.98453477,unknown
PCB,37,257.5,t,676.3863467,3851.539491,LV,mackenbach,0.0355,72.03514592,unknown
PCB,37,257.5,t,5261.000834,18394.7762,LV,mackenbach,0.0355,560.2965889,unknown
PCB,37,257.5,t,501.7760563,3272.809923,LV,mackenbach,0.0355,53.43914999,unknown
PCB,40,292,t,2941.786341,4649.310207,LV,mackenbach,0.0355,313.3002453,unknown
PCB,40,292,t,1176.485127,2272.695075,LV,mackenbach,0.0355,125.2956661,unknown
PCB,40,292,t,1041.543237,1996.188115,LV,mackenbach,0.0355,110.9243547,unknown
PCB,40,292,t,849.6900622,1576.018912,LV,mackenbach,0.0355,90.49199163,unknown
PCB,40,292,t,1078.427336,1830.02795,LV,mackenbach,0.0355,114.8525113,unknown
PCB,40,292,t,18025.23395,31318.85265,LV,mackenbach,0.0355,1919.687416,unknown
PCB,40,292,t,1384.027837,3465.734844,LV,mackenbach,0.0355,147.3989647,unknown
PCB,40,292,t,2482.414182,12577.38552,LV,mackenbach,0.0355,264.3771104,unknown
PCB,40,292,t,2020.31868,2462.855743,LV,mackenbach,0.0355,215.1639394,unknown
PCB,40,292,t,4774.463684,16339.47931,LV,mackenbach,0.0355,508.4803823,unknown
PCB,40,292,t,273.5967785,1488.28125,LV,mackenbach,0.0355,29.13805692,unknown
PCB,40,292,t,42307.67504,165756.1419,LV,mackenbach,0.0355,4505.767392,unknown
PCB,40,292,t,3306.074407,10180.77747,LV,mackenbach,0.0355,352.0969244,unknown
PCB,42,292,t,1848.492773,3646.614372,LV,mackenbach,0.0355,196.8644803,unknown
PCB,42,292,t,783.5484758,1997.651662,LV,mackenbach,0.0355,83.44791268,unknown
PCB,42,292,t,677.8418875,2144.06416,LV,mackenbach,0.0355,72.19016102,unknown
PCB,42,292,t,603.9931349,1548.500279,LV,mackenbach,0.0355,64.32526887,unknown
PCB,42,292,t,668.6377769,2050.868145,LV,mackenbach,0.0355,71.20992325,unknown
PCB,42,292,t,11292.81789,20264.27239,LV,mackenbach,0.0355,1202.685105,unknown
PCB,42,292,t,854.942249,2732.482591,LV,mackenbach,0.0355,91.05134952,unknown
PCB,42,292,t,1845.046762,9551.282268,LV,mackenbach,0.0355,196.4974802,unknown
PCB,42,292,t,971.5109754,2140.724013,LV,mackenbach,0.0355,103.4659189,unknown
PCB,42,292,t,3126.439569,12302.62349,LV,mackenbach,0.0355,332.9658141,unknown
PCB,42,292,t,24491.81648,97051.40968,LV,mackenbach,0.0355,2608.378456,unknown
PCB,42,292,t,1956.636796,6570.404382,LV,mackenbach,0.0355,208.3818188,unknown
PCB,43,292,t,1651.131707,3294.620998,LV,mackenbach,0.0355,175.8455268,unknown
PCB,43,292,t,284.5327014,1753.310803,LV,mackenbach,0.0355,30.3027327,unknown
PCB,43,292,t,461.2403976,2253.45564,LV,mackenbach,0.0355,49.12210235,unknown
PCB,43,292,t,4007.436571,14942.1674,LV,mackenbach,0.0355,426.7919948,unknown
PCB,43,292,t,304.2687319,1470.316547,LV,mackenbach,0.0355,32.40461995,unknown
PCB,44,292,t,886.5040932,2247.781044,LV,mackenbach,0.0355,94.41268593,unknown
PCB,44,292,t,3088.425512,6092.845615,LV,mackenbach,0.0355,328.917317,unknown
PCB,44,292,t,1343.562555,3429.787167,LV,mackenbach,0.0355,143.0894121,unknown
PCB,44,292,t,1393.459852,4075.344826,LV,mackenbach,0.0355,148.4034742,unknown
PCB,44,292,t,1036.093299,2325.68861,LV,mackenbach,0.0355,110.3439363,unknown
PCB,44,292,t,1128.131294,3186.446356,LV,mackenbach,0.0355,120.1459828,unknown
PCB,44,292,t,17566.82059,29436.59654,LV,mackenbach,0.0355,1870.866392,unknown
PCB,44,292,t,1435.35865,4105.715582,LV,mackenbach,0.0355,152.8656963,unknown
PCB,44,292,t,2022.264097,9863.735504,LV,mackenbach,0.0355,215.3711264,unknown
PCB,44,292,t,2215.981326,3396.867203,LV,mackenbach,0.0355,236.0020112,unknown
PCB,44,292,t,5382.921667,19792.15799,LV,mackenbach,0.0355,573.2811575,unknown
PCB,44,292,t,75.38956455,1827.552237,LV,mackenbach,0.0355,8.028988625,unknown
PCB,44,292,t,351.9012313,1658.940322,LV,mackenbach,0.0272,28.71514048,unknown
PCB,44,292,t,43050.70124,164984.3288,LV,mackenbach,0.0272,3512.937221,unknown
PCB,44,292,t,3848.682916,11869.27152,LV,mackenbach,0.0272,314.052526,unknown
PCB,45,292,f,389.5912797,799.7848801,LV,mackenbach,0.0272,31.79064842,unknown
PCB,45,292,f,4037.841196,5688.02946,LV,mackenbach,0.0272,329.4878416,unknown
PCB,45,292,f,579.4609386,2173.578827,LV,mackenbach,0.0272,47.28401259,unknown
PCB,45,292,f,1386.983721,3925.488048,LV,mackenbach,0.0272,113.1778716,unknown
PCB,45,292,f,12648.46987,41183.15679,LV,mackenbach,0.0272,1032.115141,unknown
PCB,45,292,f,1097.330921,2625.898203,LV,mackenbach,0.0272,89.54220316,unknown
PCB,46,292,f,2004.412639,2757.022533,LV,mackenbach,0.0272,163.5600714,unknown
PCB,46,292,f,496.9838799,1909.235712,LV,mackenbach,0.0272,40.5538846,unknown
PCB,46,292,f,652.9631875,2093.160024,LV,mackenbach,0.0272,53.2817961,unknown
PCB,46,292,f,5120.249645,17060.38448,LV,mackenbach,0.0272,417.812371,unknown
PCB,47,292,t,1767.283359,3313.881475,LV,mackenbach,0.0272,144.2103221,unknown
PCB,47,292,t,729.0075307,1881.609935,LV,mackenbach,0.0272,59.48701451,unknown
PCB,47,292,t,648.1830582,1904.721556,LV,mackenbach,0.0272,52.89173755,unknown
PCB,47,292,t,557.8947311,1323.822976,LV,mackenbach,0.0272,45.52421006,unknown
PCB,47,292,t,946.5928502,2107.341388,LV,mackenbach,0.0272,77.24197658,unknown
PCB,47,292,t,9414.637399,15959.33152,LV,mackenbach,0.0272,768.2344117,unknown
PCB,47,292,t,954.7187257,2789.468448,LV,mackenbach,0.0272,77.90504801,unknown
PCB,47,292,t,7187.590781,33506.35004,LV,mackenbach,0.0272,586.5074077,unknown
PCB,47,292,t,834.2232235,1626.689864,LV,mackenbach,0.0272,68.07261503,unknown
PCB,47,292,t,2196.703633,8429.833678,LV,mackenbach,0.0272,179.2510165,unknown
PCB,47,292,t,21178.80583,84651.8137,LV,mackenbach,0.0272,1728.190555,unknown
PCB,47,292,t,1318.290983,4576.360837,LV,mackenbach,0.0272,107.5725442,unknown
PCB,48,292,t,787.8464594,2430.923958,LV,mackenbach,0.0272,64.28827109,unknown
PCB,48,292,t,4832.383362,17156.45274,LV,mackenbach,0.0272,394.3224823,unknown
PCB,48,292,t,282.9154488,1254.049051,LV,mackenbach,0.0338,28.68762651,unknown
PCB,49,292,t,1027.735747,2198.740872,LV,mackenbach,0.0338,104.2124047,unknown
PCB,49,292,t,3556.348011,6583.987004,LV,mackenbach,0.0338,360.6136884,unknown
PCB,49,292,t,1487.189834,3726.597121,LV,mackenbach,0.0338,150.8010492,unknown
PCB,49,292,t,1523.426478,4640.006479,LV,mackenbach,0.0338,154.4754448,unknown
PCB,49,292,t,1124.032874,2472.137673,LV,mackenbach,0.0338,113.9769334,unknown
PCB,49,292,t,1556.313441,4067.151408,LV,mackenbach,0.0338,157.810183,unknown
PCB,49,292,t,22795.02101,36548.92618,LV,mackenbach,0.0338,2311.41513,unknown
PCB,49,292,t,1733.289287,4246.135155,LV,mackenbach,0.0338,175.7555337,unknown
PCB,49,292,t,7087.738734,32271.2617,LV,mackenbach,0.0338,718.6967076,unknown
PCB,49,292,t,2066.562243,2818.769494,LV,mackenbach,0.0338,209.5494115,unknown
PCB,49,292,t,6206.172987,21331.36255,LV,mackenbach,0.0338,629.3059409,unknown
PCB,49,292,t,300.1365255,1467.447917,LV,mackenbach,0.0338,30.43384368,unknown
PCB,49,292,t,47238.49165,170373.1633,LV,mackenbach,0.0338,4789.983053,unknown
PCB,49,292,t,3448.094455,10696.74285,LV,mackenbach,0.0338,349.6367777,unknown
PCB,51,292,f,2965.149161,4063.874785,LV,mackenbach,0.0338,300.6661249,unknown
PCB,51,292,f,2729.198761,10773.96024,LV,mackenbach,0.0338,276.7407544,unknown
PCB,51,292,f,661.1764776,1914.067267,LV,mackenbach,0.0338,67.04329483,unknown
PCB,51,292,f,7035.581546,25288.16289,LV,mackenbach,0.0338,713.4079687,unknown
PCB,52,292,t,1178.631028,2223.563907,LV,mackenbach,0.0338,119.5131862,unknown
PCB,52,292,t,4031.046451,7313.365475,LV,mackenbach,0.0338,408.7481101,unknown
PCB,52,292,t,1777.614432,4047.971041,LV,mackenbach,0.0338,180.2501034,unknown
PCB,52,292,t,1933.522258,5184.696424,LV,mackenbach,0.0338,196.059157,unknown
PCB,52,292,t,1353.517623,2356.808017,LV,mackenbach,0.0338,137.246687,unknown
PCB,52,292,t,1604.412803,3779.200428,LV,mackenbach,0.0338,162.6874582,unknown
PCB,52,292,t,29246.39893,47290.55116,LV,mackenbach,0.0338,2965.584851,unknown
PCB,52,292,t,1918.911144,4351.141846,LV,mackenbach,0.0338,194.57759,unknown
PCB,52,292,t,6461.594903,29030.46415,LV,mackenbach,0.0338,655.2057231,unknown
PCB,52,292,t,3124.893487,3305.744833,LV,mackenbach,0.0338,316.8641996,unknown
PCB,52,292,t,8598.393132,28229.28638,LV,mackenbach,0.0338,871.8770636,unknown
PCB,52,292,t,364.5261474,1427.083333,LV,mackenbach,0.0338,36.96295135,unknown
PCB,52,292,t,57616.90958,207517.9527,LV,mackenbach,0.0338,5842.354631,unknown
PCB,52,292,t,4612.563902,14114.94225,LV,mackenbach,0.0338,467.7139797,unknown
PCB,53,292,f,420.4355853,777.5046097,LV,mackenbach,0.0338,42.63216835,unknown
PCB,53,292,f,6371.233828,9199.269125,LV,mackenbach,0.0338,646.0431102,unknown
PCB,53,292,f,2606.039146,10147.90468,LV,mackenbach,0.0338,264.2523694,unknown
PCB,53,292,f,1842.057474,5698.597407,LV,mackenbach,0.0338,186.7846279,unknown
PCB,53,292,f,13668.23906,48489.74022,LV,mackenbach,0.0338,1385.95944,unknown
PCB,53,292,f,865.4898615,1820.011613,LV,mackenbach,0.0338,87.76067196,unknown
PCB,56,292,t,177.7151603,2119.349722,LV,mackenbach,0.0338,18.02031726,unknown
PCB,56,292,t,534.9443147,1580.373269,LV,mackenbach,0.0338,54.24335351,unknown
PCB,56,292,t,351.5546156,1937.217621,LV,mackenbach,0.0338,35.64763802,unknown
PCB,56,292,t,1080.321336,2877.005647,LV,mackenbach,0.0338,109.5445834,unknown
PCB,56,292,t,308.5562578,1461.39753,LV,mackenbach,0.0338,31.28760454,unknown
PCB,56,292,t,236.9368792,1892.041936,LV,mackenbach,0.0338,24.02539955,unknown
PCB,56,292,t,643.8022898,2496.181013,LV,mackenbach,0.0338,65.28155218,unknown
PCB,56,292,t,1023.59325,3733.118903,LV,mackenbach,0.0338,103.7923556,unknown
PCB,56,292,t,6656.508115,30997.76997,LV,mackenbach,0.0338,674.9699228,unknown
PCB,56,292,t,388.3037386,2203.921179,LV,mackenbach,0.0338,39.3739991,unknown
PCB,60,292,t,695.5109774,2875.442526,LV,mackenbach,0.0338,70.52481311,unknown
PCB,60,292,t,403.3946452,2099.124971,LV,mackenbach,0.0338,40.90421702,unknown
PCB,60,292,t,643.834059,3033.987279,LV,mackenbach,0.0338,65.28477358,unknown
PCB,60,292,t,4715.800471,19248.96245,LV,mackenbach,0.0375,530.527553,unknown
PCB,60,292,t,325.7479987,2647.980654,LV,mackenbach,0.0375,36.64664986,unknown
PCB,66,292,t,589.2049974,1713.668597,LV,mackenbach,0.0375,66.2855622,unknown
PCB,66,292,t,431.2912509,1648.622023,LV,mackenbach,0.0375,48.52026572,unknown
PCB,66,292,t,2389.776855,4937.119675,LV,mackenbach,0.0375,268.8498962,unknown
PCB,66,292,t,619.2488684,1896.667949,LV,mackenbach,0.0375,69.6654977,unknown
PCB,66,292,t,466.3459094,2956.541331,LV,mackenbach,0.0375,52.46391481,unknown
PCB,66,292,t,1216.698067,1860.200623,LV,mackenbach,0.0375,136.8785326,unknown
PCB,66,292,t,2002.721605,7366.572809,LV,mackenbach,0.0375,225.3061805,unknown
PCB,66,292,t,12937.58422,56882.13782,LV,mackenbach,0.0375,1455.478225,unknown
PCB,66,292,t,727.6126905,3241.174109,LV,mackenbach,0.0375,81.85642768,unknown
PCB,70,292,t,391.7639097,1830.842698,LV,mackenbach,0.0375,44.07343985,unknown
PCB,70,292,t,1320.047382,3956.521049,LV,mackenbach,0.0375,148.5053305,unknown
PCB,70,292,t,656.8463556,1873.548426,LV,mackenbach,0.0375,73.89521501,unknown
PCB,70,292,t,604.8069195,1968.775698,LV,mackenbach,0.0375,68.04077845,unknown
PCB,70,292,t,539.8886006,1590.051043,LV,mackenbach,0.0375,60.73746756,unknown
PCB,70,292,t,2238.005785,5575.419813,LV,mackenbach,0.0375,251.7756508,unknown
PCB,70,292,t,701.6590763,2778.679088,LV,mackenbach,0.0375,78.93664609,unknown
PCB,70,292,t,835.9899171,5526.075077,LV,mackenbach,0.0375,94.04886567,unknown
PCB,70,292,t,1397.062633,2553.700593,LV,mackenbach,0.0375,157.1695462,unknown
PCB,70,292,t,2327.996821,8759.637294,LV,mackenbach,0.0375,261.8996424,unknown
PCB,70,292,t,14174.30684,68896.98501,LV,mackenbach,0.0375,1594.609519,unknown
PCB,70,292,t,792.1871861,4510.656459,LV,mackenbach,0.0375,89.12105843,unknown
PCB,71,292,t,1183.964031,2732.813272,LV,mackenbach,0.0375,133.1959534,unknown
PCB,71,292,t,499.5696282,1650.373801,LV,mackenbach,0.0375,56.20158317,unknown
PCB,71,292,t,523.1502175,1876.667432,LV,mackenbach,0.0375,58.85439947,unknown
PCB,71,292,t,368.1849289,1338.477914,LV,mackenbach,0.0375,41.4208045,unknown
PCB,71,292,t,595.0542577,1636.810366,LV,mackenbach,0.0375,66.94360399,unknown
PCB,71,292,t,6406.820667,12188.04766,LV,mackenbach,0.0316,607.3665993,unknown
PCB,71,292,t,600.8389681,2119.901071,LV,mackenbach,0.0316,56.95953418,unknown
PCB,71,292,t,1786.024494,9481.782609,LV,mackenbach,0.0316,169.315122,unknown
PCB,71,292,t,713.8713514,1686.600904,LV,mackenbach,0.0316,67.67500411,unknown
PCB,71,292,t,1723.701838,7093.038269,LV,mackenbach,0.0316,163.4069342,unknown
PCB,71,292,t,14440.24749,63052.59713,LV,mackenbach,0.0316,1368.935462,unknown
PCB,71,292,t,1117.385636,4266.849614,LV,mackenbach,0.0316,105.9281583,unknown
PCB,74,292,t,772.9248192,2031.508542,LV,mackenbach,0.0316,73.27327286,unknown
PCB,74,292,t,475.1178043,1395.974186,LV,mackenbach,0.0316,45.04116785,unknown
PCB,74,292,t,2747.968932,5635.28028,LV,mackenbach,0.0316,260.5074548,unknown
PCB,74,292,t,457.6850132,2045.999095,LV,mackenbach,0.0316,43.38853925,unknown
PCB,74,292,t,422.5557117,3363.41385,LV,mackenbach,0.0316,40.05828147,unknown
PCB,74,292,t,744.7359136,1842.94819,LV,mackenbach,0.0316,70.60096461,unknown
PCB,74,292,t,1709.843094,4943.572623,LV,mackenbach,0.0316,162.0931253,unknown
PCB,74,292,t,10516.02094,42057.27639,LV,mackenbach,0.0316,996.9187851,unknown
PCB,74,292,t,750.2158137,3748.72694,LV,mackenbach,0.0316,71.12045914,unknown
PCB,77,292,t,133.0966284,1065.611555,LV,mackenbach,0.0316,12.61756038,unknown
PCB,77,292,t,573.3846398,4601.749299,LV,mackenbach,0.0316,54.35686386,unknown
PCB,77,292,t,173.0157736,4470.766129,LV,mackenbach,0.0316,16.40189534,unknown
PCB,77,292,t,388.7290935,4779.952395,LV,mackenbach,0.0316,36.85151806,unknown
PCB,77,292,t,2350.78619,14456.47599,LV,mackenbach,0.0316,222.8545309,unknown
PCB,77,292,t,223.393597,3747.70753,LV,mackenbach,0.0316,21.17771299,unknown
PCB,82,326.4,t,717.5832011,2564.208243,LV,mackenbach,0.0316,68.02688746,unknown
PCB,82,326.4,t,414.8467713,2577.84762,LV,mackenbach,0.0316,39.32747392,unknown
PCB,82,326.4,t,2043.66216,11194.57357,LV,mackenbach,0.0316,193.7391728,unknown
PCB,82,326.4,t,280.0486305,1818.248958,LV,mackenbach,0.0316,26.54861017,unknown
PCB,83,326.4,t,1045.395526,2823.860403,LV,mackenbach,0.0316,99.10349582,unknown
PCB,83,326.4,t,339.1979304,2571.444009,LV,mackenbach,0.0316,32.1559638,unknown
PCB,83,326.4,t,303.2157495,1992.038485,LV,mackenbach,0.0316,28.74485305,unknown
PCB,83,326.4,t,2008.845955,11482.0202,LV,mackenbach,0.0316,190.4385966,unknown
PCB,84,326.4,f,2700.778248,4904.63961,LV,mackenbach,0.0316,256.0337779,unknown
PCB,84,326.4,f,447.3388345,2349.972088,LV,mackenbach,0.0316,42.40772151,unknown
PCB,84,326.4,f,777.1665778,3328.738993,LV,mackenbach,0.0316,73.67539158,unknown
PCB,84,326.4,f,5768.080108,25565.26571,LV,mackenbach,0.0316,546.8139943,unknown
PCB,84,326.4,f,488.8350527,2259.762598,LV,mackenbach,0.0316,46.341563,unknown
PCB,85,326.4,t,1153.191858,2509.889976,LV,mackenbach,0.0316,109.3225881,unknown
PCB,85,326.4,t,422.9978592,2216.476505,LV,mackenbach,0.0316,40.10019705,unknown
PCB,85,326.4,t,2743.658749,14569.74398,LV,mackenbach,0.0316,260.0988494,unknown
PCB,85,326.4,t,189.8414395,1214.71541,LV,mackenbach,0.0316,17.99696846,unknown
PCB,87,326.4,t,249.960508,1722.456849,LV,mackenbach,0.0316,23.69625616,unknown
PCB,87,326.4,t,205.2812941,1173.171481,LV,mackenbach,0.0316,19.46066668,unknown
PCB,87,326.4,t,1592.24742,4513.923564,LV,mackenbach,0.0316,150.9450554,unknown
PCB,87,326.4,t,206.088192,1457.578298,LV,mackenbach,0.0316,19.5371606,unknown
PCB,87,326.4,t,271.5336541,2207.524098,LV,mackenbach,0.0316,25.74139041,unknown
PCB,87,326.4,t,508.6089958,1590.309491,LV,mackenbach,0.0316,48.21613281,unknown
PCB,87,326.4,t,793.7567205,4186.997621,LV,mackenbach,0.0316,75.2481371,unknown
PCB,87,326.4,t,4155.940549,22960.13428,LV,mackenbach,0.0316,393.9831641,unknown
PCB,87,326.4,t,422.4411072,3106.320452,LV,mackenbach,0.0316,40.04741696,unknown
PCB,91,326.4,f,805.978774,2173.422666,LV,mackenbach,0.0316,76.40678778,unknown
PCB,91,326.4,f,1714.464845,2933.115432,LV,mackenbach,0.0316,162.5312673,unknown
PCB,91,326.4,f,515.6465777,2707.420881,LV,mackenbach,0.0687,106.2747597,unknown
PCB,91,326.4,f,395.244548,1677.841635,LV,mackenbach,0.0687,81.45990134,unknown
PCB,91,326.4,f,3712.047074,17456.80438,LV,mackenbach,0.0687,765.0529019,unknown
PCB,92,326.4,t,1184.45929,2019.897826,LV,mackenbach,0.0336,119.3934965,unknown
PCB,92,326.4,t,244.325603,1655.745968,LV,mackenbach,0.0203,14.87942923,unknown
PCB,92,326.4,t,2274.207011,10844.74268,LV,mackenbach,0.0203,138.499207,unknown
PCB,95,326.4,f,760.2012278,2158.523578,LV,mackenbach,0.0203,46.29625478,unknown
PCB,95,326.4,f,458.196249,2091.27228,LV,mackenbach,0.0203,27.90415157,unknown
PCB,95,326.4,f,4734.527512,10155.22414,LV,mackenbach,0.0203,288.3327255,unknown
PCB,95,326.4,f,399.1041775,1544.18568,LV,mackenbach,0.0203,24.30544441,unknown
PCB,95,326.4,f,856.0695041,5049.156104,LV,mackenbach,0.0378,97.07828176,unknown
PCB,95,326.4,f,875.1617005,1542.271553,LV,mackenbach,0.0378,99.24333684,unknown
PCB,95,326.4,f,1409.55906,6558.281648,LV,mackenbach,0.0378,159.8439974,unknown
PCB,95,326.4,f,10233.44081,48906.24397,LV,mackenbach,0.0378,1160.472188,unknown
PCB,95,326.4,f,880.7145664,4379.384793,LV,mackenbach,0.0378,99.87303183,unknown
PCB,97,326.4,t,180.4396312,792.8703135,LV,mackenbach,0.0378,20.46185418,unknown
PCB,97,326.4,t,1222.517794,3596.015929,LV,mackenbach,0.0378,138.6335178,unknown
PCB,97,326.4,t,217.6268967,1977.460924,LV,mackenbach,0.0378,24.67889008,unknown
PCB,97,326.4,t,387.097667,1423.097252,LV,mackenbach,0.0378,43.89687544,unknown
PCB,97,326.4,t,641.6191531,3658.896073,LV,mackenbach,0.0378,72.75961196,unknown
PCB,97,326.4,t,3496.57925,20014.61736,LV,mackenbach,0.0378,396.5120869,unknown
PCB,97,326.4,t,292.1591215,2629.031356,LV,mackenbach,0.0378,33.13084438,unknown
PCB,99,326.4,t,205.6428995,931.9299324,LV,mackenbach,0.0378,23.3199048,unknown
PCB,99,326.4,t,1565.033609,3767.157603,LV,mackenbach,0.0378,177.4748112,unknown
PCB,99,326.4,t,339.5059417,2339.920741,LV,mackenbach,0.0378,38.49997378,unknown
PCB,99,326.4,t,690.4784307,3410.026899,LV,mackenbach,0.0378,78.30025404,unknown
PCB,99,326.4,t,4315.89231,22613.01444,LV,mackenbach,0.0378,489.4221879,unknown
PCB,99,326.4,t,305.4543734,2291.722455,LV,mackenbach,0.0378,34.63852594,unknown
PCB,101,326.4,t,374.0030777,3201.16968,LV,mackenbach,0.0378,42.41194901,unknown
PCB,101,326.4,t,257.4650669,2052.523237,LV,mackenbach,0.0378,29.19653859,unknown
PCB,101,326.4,t,680.8732147,3960.590021,LV,mackenbach,0.0378,77.21102255,unknown
PCB,101,326.4,t,446.9331196,2357.919657,LV,mackenbach,0.0378,50.68221576,unknown
PCB,101,326.4,t,413.0006965,1582.833539,LV,mackenbach,0.0378,46.83427898,unknown
PCB,101,326.4,t,3031.709882,7578.188222,LV,mackenbach,0.0378,343.7959006,unknown
PCB,101,326.4,t,450.4531328,1936.174447,LV,mackenbach,0.0378,51.08138526,unknown
PCB,101,326.4,t,946.4688675,5652.262308,LV,mackenbach,0.0378,107.3295696,unknown
PCB,101,326.4,t,1068.245632,1941.543118,LV,mackenbach,0.0378,121.1390547,unknown
PCB,101,326.4,t,1531.645859,6931.184198,LV,mackenbach,0.0378,173.6886404,unknown
PCB,101,326.4,t,8610.093073,46658.6025,LV,mackenbach,0.0378,976.3845545,unknown
PCB,101,326.4,t,702.860113,5224.537985,LV,mackenbach,0.0378,79.70433682,unknown
PCB,105,326.4,t,150.1792102,2181.747139,LV,mackenbach,0.0378,17.03032243,unknown
PCB,105,326.4,t,192.4807581,2295.506725,LV,mackenbach,0.0378,21.82731797,unknown
PCB,105,326.4,t,122.7924917,1511.510216,LV,mackenbach,0.0378,13.92466855,unknown
PCB,105,326.4,t,156.6136265,1700.10023,LV,mackenbach,0.0378,17.75998524,unknown
PCB,105,326.4,t,816.4303594,5000.760087,LV,mackenbach,0.0378,92.58320276,unknown
PCB,105,326.4,t,242.074642,2999.66975,LV,mackenbach,0.0378,27.45126441,unknown
PCB,105,326.4,t,238.2230708,3988.94318,LV,mackenbach,0.0378,27.01449623,unknown
PCB,105,326.4,t,488.7899162,3264.354643,LV,mackenbach,0.0378,55.4287765,unknown
PCB,105,326.4,t,651.5485275,5383.105365,LV,mackenbach,0.0378,73.88560302,unknown
PCB,105,326.4,t,3463.182577,22326.89398,LV,mackenbach,0.0378,392.7249042,unknown
PCB,105,326.4,t,338.0831218,4407.91731,LV,mackenbach,0.0378,38.33862601,unknown
PCB,110,326.4,t,506.3815096,4151.21794,LV,mackenbach,0.0378,57.42366318,unknown
PCB,110,326.4,t,248.6902856,2358.523405,LV,mackenbach,0.0378,28.20147838,unknown
PCB,110,326.4,t,929.0851371,5188.177823,LV,mackenbach,0.0378,105.3582545,unknown
PCB,110,326.4,t,527.0529632,2272.196813,LV,mackenbach,0.0378,59.76780603,unknown
PCB,110,326.4,t,502.5119803,2008.28337,LV,mackenbach,0.0378,56.98485856,unknown
PCB,110,326.4,t,472.2633256,1428.323878,LV,mackenbach,0.0378,53.55466113,unknown
PCB,110,326.4,t,550.810416,1690.586234,LV,mackenbach,0.0378,62.46190117,unknown
PCB,110,326.4,t,5879.262456,15197.32207,LV,mackenbach,0.0378,666.7083625,unknown
PCB,110,326.4,t,626.3412802,3072.109608,LV,mackenbach,0.0378,71.02710118,unknown
PCB,110,326.4,t,1292.138629,8761.352839,LV,mackenbach,0.0378,146.5285206,unknown
PCB,110,326.4,t,1210.242994,3029.299923,LV,mackenbach,0.0378,137.2415556,unknown
PCB,110,326.4,t,1825.821197,9483.140648,LV,mackenbach,0.0378,207.0481238,unknown
PCB,110,326.4,t,91.85355834,2420.921635,LV,mackenbach,0.0378,10.41619352,unknown
PCB,110,326.4,t,159.5907667,1580.705124,LV,mackenbach,0.0378,18.09759295,unknown
PCB,110,326.4,t,276.127151,2001.323323,LV,mackenbach,0.0378,31.31281893,unknown
PCB,110,326.4,t,12294.20705,67825.7273,LV,mackenbach,0.0378,1394.16308,unknown
PCB,110,326.4,t,1078.674757,7458.688855,LV,mackenbach,0.0378,122.3217175,unknown
PCB,114,326.4,t,425.2768503,4889.438396,LV,mackenbach,0.0378,48.22639483,unknown
PCB,118,326.4,t,261.1689958,5063.201682,LV,mackenbach,0.0378,29.61656412,unknown
PCB,118,326.4,t,220.3399481,3932.561618,LV,mackenbach,0.0378,24.98655012,unknown
PCB,118,326.4,t,402.705177,5164.357913,LV,mackenbach,0.0378,45.66676708,unknown
PCB,118,326.4,t,253.5388356,2696.983468,LV,mackenbach,0.0378,28.75130396,unknown
PCB,118,326.4,t,280.6412957,2704.639401,LV,mackenbach,0.0378,31.82472293,unknown
PCB,118,326.4,t,235.7687694,2069.886039,LV,mackenbach,0.0378,26.73617846,unknown
PCB,118,326.4,t,337.2318822,2320.069723,LV,mackenbach,0.0411,41.58069108,unknown
PCB,118,326.4,t,1681.048612,6896.329851,LV,mackenbach,0.0411,207.2732939,unknown
PCB,118,326.4,t,387.8394639,3236.219756,LV,mackenbach,0.0411,47.8206059,unknown
PCB,118,326.4,t,530.275829,5223.005258,LV,mackenbach,0.0411,65.38300972,unknown
PCB,118,326.4,t,835.268542,3422.8772,LV,mackenbach,0.0411,102.9886112,unknown
PCB,118,326.4,t,1093.280901,7091.4548,LV,mackenbach,0.0411,134.8015351,unknown
PCB,118,326.4,t,6202.066289,38547.61078,LV,mackenbach,0.0411,764.7147735,unknown
PCB,118,326.4,t,512.1130786,5941.18337,LV,mackenbach,0.0411,63.14354259,unknown
PCB,123,326.4,t,189.8859555,2607.671602,LV,mackenbach,0.0411,23.41293831,unknown
PCB,123,326.4,t,972.5855017,7630.777487,LV,mackenbach,0.0411,119.9197924,unknown
PCB,124,326.4,t,243.1214276,3932.121224,LV,mackenbach,0.0411,29.97687203,unknown
PCB,128,360.9,t,170.7509881,1547.30444,LV,mackenbach,0.0411,21.05359684,unknown
PCB,128,360.9,t,361.372063,4227.642943,LV,mackenbach,0.0411,44.55717537,unknown
PCB,138,360.9,t,134.1108564,1997.859674,LV,mackenbach,0.0411,16.53586859,unknown
PCB,138,360.9,t,126.9269923,2017.356503,LV,mackenbach,0.0411,15.65009816,unknown
PCB,138,360.9,t,562.6252729,3468.947215,LV,mackenbach,0.0411,69.37169615,unknown
PCB,138,360.9,t,192.4294982,1825.840433,LV,mackenbach,0.0411,23.72655713,unknown
PCB,138,360.9,t,180.8042083,2464.198272,LV,mackenbach,0.0411,22.29315888,unknown
PCB,138,360.9,t,506.4934383,1995.2667,LV,mackenbach,0.0411,62.45064095,unknown
PCB,138,360.9,t,311.8527041,2949.99013,LV,mackenbach,0.0411,38.45143841,unknown
PCB,138,360.9,t,1162.029165,9970.407675,LV,mackenbach,0.0411,143.2781961,unknown
PCB,138,360.9,t,141.9931857,3003.6181,LV,mackenbach,0.0411,17.50775979,unknown
PCB,149,360.9,f,256.7659529,1982.553529,LV,mackenbach,0.0411,31.65924199,unknown
PCB,149,360.9,f,148.3914198,1761.090602,LV,mackenbach,0.0411,18.29666207,unknown
PCB,149,360.9,f,103.8721422,1170.098341,LV,mackenbach,0.0411,12.80743513,unknown
PCB,149,360.9,f,848.4704065,3396.561056,LV,mackenbach,0.0411,104.6164011,unknown
PCB,149,360.9,f,243.3567088,2019.494036,LV,mackenbach,0.0411,30.00588219,unknown
PCB,149,360.9,f,264.9296954,2051.543047,LV,mackenbach,0.0411,32.66583144,unknown
PCB,149,360.9,f,1279.396113,10044.60596,LV,mackenbach,0.0411,157.7495407,unknown
PCB,149,360.9,f,156.7650392,2265.785365,LV,mackenbach,0.0411,19.32912933,unknown
PCB,151,360.9,f,287.5364707,3507.570479,LV,mackenbach,0.0411,35.45324683,unknown
PCB,153,360.9,t,162.2471955,1913.385028,LV,mackenbach,0.0411,20.00507921,unknown
PCB,153,360.9,t,147.8566319,1840.58695,LV,mackenbach,0.0411,18.23072271,unknown
PCB,153,360.9,t,99.49030731,1160.878918,LV,mackenbach,0.0411,12.26715489,unknown
PCB,153,360.9,t,561.9768707,3220.114722,LV,mackenbach,0.0411,69.29174815,unknown
PCB,153,360.9,t,201.5240696,1687.555174,LV,mackenbach,0.0411,24.84791779,unknown
PCB,153,360.9,t,193.3586521,2305.817431,LV,mackenbach,0.0411,23.84112181,unknown
PCB,153,360.9,t,471.7637711,1808.611374,LV,mackenbach,0.0411,58.16847298,unknown
PCB,153,360.9,t,248.5249578,2478.542511,LV,mackenbach,0.0411,30.64312729,unknown
PCB,153,360.9,t,917.5430035,8376.664292,LV,mackenbach,0.0411,113.1330523,unknown
PCB,153,360.9,t,137.3637165,2769.129834,LV,mackenbach,0.0411,16.93694624,unknown
PCB,163,360.9,t,211.6863082,1813.273396,LV,mackenbach,0.0411,26.1009218,unknown
PCB,163,360.9,t,378.4377087,4895.306157,LV,mackenbach,0.0411,46.66136948,unknown
PCB,180,395.3,t,245.6543371,3404.21173,LV,mackenbach,0.0411,30.28917977,unknown
PCB,187,395.3,f,154.4611642,2621.383001,LV,mackenbach,0.0411,19.04506155,unknown
PCB,8,223.09,t,1972.164592,8054.074074,LV,sinche,0.0964,570.35,Saw Dust
PCB,18,257.5,t,7523.92638,21535.55556,LV,sinche,0.0326,735.84,LPH
PCB,18,257.5,t,623.3283057,5120.033427,LV,sinche,0.0663,123.98,BC
PCB,18,257.5,t,1682.352941,18300.00000,LV,sinche,0.0653,329.5729412,Humic Acid
PCB,18,257.5,t,2744.618056,22016.77344,LV,sinche,0.0672,553.315,Saw Dust
PCB,18,257.5,t,188.2702703,1511.111111,LV,sinche,0.0925,52.245,BC
PCB,18,257.5,t,1165.045045,12170,LV,sinche,0.0925,323.3,Humic Acid
PCB,18,257.5,t,1880.100277,19026.66667,LV,sinche,0.0964,543.725,Saw Dust
PCB,28,257.5,t,7557.770961,25153.33333,LV,sinche,0.0326,739.15,LPH
PCB,28,257.5,t,1646.133736,17785.00000,LV,sinche,0.0653,322.4775988,Humic Acid
PCB,28,257.5,t,2623.859127,21540.2001,LV,sinche,0.0672,528.97,Saw Dust
PCB,28,257.5,t,187.6396396,2206.666667,LV,sinche,0.0925,52.07,BC
PCB,28,257.5,t,1152.882883,10870,LV,sinche,0.0925,319.925,Humic Acid
PCB,28,257.5,t,1900.674274,19089.62963,LV,sinche,0.0964,549.675,Saw Dust
PCB,44,292,t,6743.456033,22122.22222,LV,sinche,0.0326,659.51,LPH
PCB,44,292,t,1481.166415,17158.33333,LV,sinche,0.0653,290.1605008,Humic Acid
PCB,44,292,t,2256.25,19223.87069,LV,sinche,0.0672,454.86,Saw Dust
PCB,44,292,t,939.4234234,9728.333333,LV,sinche,0.0925,260.69,Humic Acid
PCB,44,292,t,1594.986169,17195.92593,LV,sinche,0.0964,461.27,Saw Dust
PCB,52,292,t,6684.355828,21586.66667,LV,sinche,0.0326,653.73,LPH
PCB,52,292,t,561.2870789,4854.057665,LV,sinche,0.0663,111.64,BC
PCB,52,292,t,1502.302665,17313.33333,LV,sinche,0.0653,294.301092,Humic Acid
PCB,52,292,t,2260.267857,21870.3914,LV,sinche,0.0672,455.67,Saw Dust
PCB,52,292,t,941.2432432,11180,LV,sinche,0.0925,261.195,Humic Acid
PCB,52,292,t,1599.913555,18626.2963,LV,sinche,0.0964,462.695,Saw Dust
PCB,66,292,t,6944.734151,22102.22222,LV,sinche,0.0326,679.195,LPH
PCB,66,292,t,1488.828557,17835.00000,LV,sinche,0.0653,291.6615143,Humic Acid
PCB,66,292,t,2281.845238,24326.03327,LV,sinche,0.0672,460.02,Saw Dust
PCB,66,292,t,948.3243243,10923.33333,LV,sinche,0.0925,263.16,Humic Acid
PCB,66,292,t,1592.704011,22278.88889,LV,sinche,0.0964,460.61,Saw Dust
PCB,77,292,t,6636.605317,18964.44444,LV,sinche,0.0326,649.06,LPH
PCB,77,292,t,542.2574158,3894.645093,LV,sinche,0.0663,107.855,BC
PCB,77,292,t,1494.077426,16386.66667,LV,sinche,0.0653,292.6897677,Humic Acid
PCB,77,292,t,2249.900794,21818.82501,LV,sinche,0.0672,453.58,Saw Dust
PCB,77,292,t,158.2162162,3433.333333,LV,sinche,0.0925,43.905,BC
PCB,77,292,t,938.6666667,11286.66667,LV,sinche,0.0925,260.48,Humic Acid
PCB,77,292,t,1587.413555,22065.92593,LV,sinche,0.0964,459.08,Saw Dust
PCB,101,326.4,t,6411.196319,21673.33333,LV,sinche,0.0326,627.015,LPH
PCB,101,326.4,t,1240.563097,18040.00000,LV,sinche,0.0653,243.0263107,Humic Acid
PCB,101,326.4,t,1692.733135,28873.85705,LV,sinche,0.0672,341.255,Saw Dust
PCB,101,326.4,t,920.3243243,10745,LV,sinche,0.0925,255.39,Humic Acid
PCB,101,326.4,t,1446.040802,24963.7037,LV,sinche,0.0964,418.195,Saw Dust
PCB,105,326.4,t,6279.08998,21046.66667,LV,sinche,0.0326,614.095,LPH
PCB,105,326.4,t,483.207642,702.9359436,LV,sinche,0.0663,96.11,BC
PCB,105,326.4,t,1227.390649,17960.00000,LV,sinche,0.0653,240.4458281,Humic Acid
PCB,105,326.4,t,1685.416667,23241.47544,LV,sinche,0.0672,339.78,Saw Dust
PCB,105,326.4,t,130.9009009,4104.444444,LV,sinche,0.0925,36.325,BC
PCB,105,326.4,t,930.6846847,10791.66667,LV,sinche,0.0925,258.265,Humic Acid
PCB,105,326.4,t,1414.643845,20259.25926,LV,sinche,0.0964,409.115,Saw Dust
PCB,114,326.4,t,6531.288344,22055.55556,LV,sinche,0.0326,638.76,LPH
PCB,114,326.4,t,483.7606838,706.7355973,LV,sinche,0.0663,96.22,BC
PCB,114,326.4,t,1240.241327,18791.66667,LV,sinche,0.0653,242.963276,Humic Acid
PCB,114,326.4,t,1693.204365,31845.16291,LV,sinche,0.0672,341.35,Saw Dust
PCB,114,326.4,t,919.1891892,10541.66667,LV,sinche,0.0925,255.075,Humic Acid
PCB,114,326.4,t,1441.59751,27253.7037,LV,sinche,0.0964,416.91,Saw Dust
PCB,126,326.4,t,6311.400818,20331.11111,LV,sinche,0.0326,617.255,LPH
PCB,126,326.4,t,1216.510809,17743.33333,LV,sinche,0.0653,238.3144676,Humic Acid
PCB,126,326.4,t,1676.240079,25827.28088,LV,sinche,0.0672,337.93,Saw Dust
PCB,126,326.4,t,138.2702703,1622.222222,LV,sinche,0.0925,38.37,BC
PCB,126,326.4,t,930.6486486,10613.33333,LV,sinche,0.0925,258.255,Humic Acid
PCB,126,326.4,t,1451.400415,22989.62963,LV,sinche,0.0964,419.745,Saw Dust
PCB,128,360.9,t,5242.075665,20935.55556,LV,sinche,0.0326,512.675,LPH
PCB,128,360.9,t,362.066365,782.7286723,LV,sinche,0.0663,72.015,BC
PCB,128,360.9,t,1091.040724,18455.00000,LV,sinche,0.0653,213.7348778,Humic Acid
PCB,128,360.9,t,1453.571429,20111.3118,LV,sinche,0.0672,293.04,Saw Dust
PCB,128,360.9,t,108.5045045,1706.666667,LV,sinche,0.0925,30.11,BC
PCB,128,360.9,t,731.027027,9600,LV,sinche,0.0925,202.86,Humic Acid
PCB,128,360.9,t,1330.134855,17664.44444,LV,sinche,0.0964,384.675,Saw Dust
PCB,138,360.9,t,5220.705521,21257.77778,LV,sinche,0.0326,510.585,LPH
PCB,138,360.9,t,1070.930116,17840.00000,LV,sinche,0.0653,209.7952097,Humic Acid
PCB,138,360.9,t,1457.316468,21754.78286,LV,sinche,0.0672,293.795,Saw Dust
PCB,138,360.9,t,109.027027,1260,LV,sinche,0.0925,30.255,BC
PCB,138,360.9,t,705.1531532,10150,LV,sinche,0.0925,195.68,Humic Acid
PCB,138,360.9,t,1332.295989,19820.74074,LV,sinche,0.0964,385.3,Saw Dust
PCB,153,360.9,t,5338.90593,18115.55556,LV,sinche,0.0326,522.145,LPH
PCB,153,360.9,t,358.6224233,685.8375017,LV,sinche,0.0663,71.33,BC
PCB,153,360.9,t,1095.585721,17308.33333,LV,sinche,0.0653,214.6252428,Humic Acid
PCB,153,360.9,t,1438.566468,30084.83573,LV,sinche,0.0672,290.015,Saw Dust
PCB,153,360.9,t,700.2522523,9483.333333,LV,sinche,0.0925,194.32,Humic Acid
PCB,153,360.9,t,1323.841632,26506.66667,LV,sinche,0.0964,382.855,Saw Dust
PCB,170,395.3,t,4706.03272,16160.00000,LV,sinche,0.0326,460.25,LPH
PCB,170,395.3,t,905.7817999,17336.66667,LV,sinche,0.0653,177.4426546,Humic Acid
PCB,170,395.3,t,784.9206349,19598.97466,LV,sinche,0.0672,158.24,Saw Dust
PCB,170,395.3,t,527.4054054,9170,LV,sinche,0.0925,146.355,Humic Acid
PCB,170,395.3,t,749.8098202,17748.51852,LV,sinche,0.0964,216.845,Saw Dust
PCB,180,395.3,t,735.373444,3216.296296,LV,sinche,0.0964,212.67,Saw Dust
PCB,187,395.3,f,4588.445808,16544.44444,LV,sinche,0.0326,448.75,LPH
PCB,187,395.3,f,288.2604324,670.6388867,LV,sinche,0.0663,57.335,BC
PCB,187,395.3,f,914.8516843,17870.00000,LV,sinche,0.0653,179.2194449,Humic Acid
PCB,187,395.3,f,774.2311508,18916.55158,LV,sinche,0.0672,156.085,Saw Dust
PCB,187,395.3,f,87.35135135,986.6666667,LV,sinche,0.0925,24.24,BC
PCB,187,395.3,f,527.4414414,11090,LV,sinche,0.0925,146.365,Humic Acid
PCB,187,395.3,f,763.7793914,17894.44444,LV,sinche,0.0964,220.885,Saw Dust
PCB,195,429.8,f,3930.777096,17660.00000,LV,sinche,0.0326,384.43,LPH
PCB,195,429.8,f,229.6631473,1405.871887,LV,sinche,0.0663,45.68,BC
PCB,195,429.8,f,631.6742081,17091.66667,LV,sinche,0.0653,123.7449774,Humic Acid
PCB,195,429.8,f,683.1845238,15897.00618,LV,sinche,0.0672,137.73,Saw Dust
PCB,195,429.8,f,78,980,LV,sinche,0.0925,21.645,BC
PCB,195,429.8,f,443.1351351,10410,LV,sinche,0.0925,122.97,Humic Acid
PCB,195,429.8,f,544.4502075,14371.85185,LV,sinche,0.0964,157.455,Saw Dust
PCB,196,429.8,f,3763.90593,18511.11111,LV,sinche,0.0326,368.11,LPH
PCB,196,429.8,f,222.7249874,1257.685391,LV,sinche,0.0663,44.3,BC
PCB,196,429.8,f,664.3941679,15160.00000,LV,sinche,0.0653,130.1548175,Humic Acid
PCB,196,429.8,f,678.5714286,19377.32232,LV,sinche,0.0672,136.8,Saw Dust
PCB,196,429.8,f,78.3963964,2024.444444,LV,sinche,0.0925,21.755,BC
PCB,196,429.8,f,463.4054054,8946.666667,LV,sinche,0.0925,128.595,Humic Acid
PCB,196,429.8,f,546.3174274,23479.62963,LV,sinche,0.0964,157.995,Saw Dust
PCB,206,464.2,f,2761.042945,15071.11111,LV,sinche,0.0326,270.03,LPH
PCB,206,464.2,f,128.3559578,898.6181117,LV,sinche,0.0663,25.53,BC
PCB,206,464.2,f,466.8275515,13125.00000,LV,sinche,0.0653,91.45151735,Humic Acid
PCB,206,464.2,f,356.9196429,9239.53445,LV,sinche,0.0672,71.955,Saw Dust
PCB,206,464.2,f,395.2972973,8655,LV,sinche,0.0925,109.695,Humic Acid
PCB,206,464.2,f,418.6030429,9089.62963,LV,sinche,0.0964,121.06,Saw Dust
PCB,209,498.6,f,1910.685072,12304.44444,LV,sinche,0.0326,186.865,LPH
PCB,209,498.6,f,115.8873806,963.2122254,LV,sinche,0.0663,23.05,BC
PCB,209,498.6,f,286.4152841,11821.66667,LV,sinche,0.0653,56.10875415,Humic Acid
PCB,209,498.6,f,209.1765873,5585.389648,LV,sinche,0.0672,42.17,Saw Dust
PCB,209,498.6,f,55.47747748,1128.888889,LV,sinche,0.0925,15.395,BC
PCB,209,498.6,f,331.3333333,8316.666667,LV,sinche,0.0925,91.945,Humic Acid
PCB,209,498.6,f,268.1016598,5419.259259,LV,sinche,0.0964,77.535,Saw Dust
